avg_surgery_cost,avg_surgery_time,avg_compl_time,rate_in,rate_out,stability
[4.74052855 4.80670391 5.0549369 ],[ 3.33294362  9.44660573 17.76940858],[61.67420197 67.71793255 76.14571235],0.23720343704719088,0.23716596343178623,False
[4.71033587 4.80828049 5.03073624],[ 3.42427842  9.49829574 17.87125258],[64.53519815 69.08915802 78.98937249],0.22383013493613255,0.22383013493613255,True
[4.71872687 4.85031033 5.18056618],[ 3.31728096  9.3473089  18.53089421],[ 94.17625083 100.2486879  109.90470083],0.23414907480139627,0.23414907480139627,True
[4.69692451 4.85918137 5.20599539],[ 3.34937242  9.8304491  17.91407637],[ 86.45459524  96.28360408 108.97670449],0.2271623219267466,0.2271623219267466,True
[4.78248228 4.77663104 5.04595186],[ 3.37614751  9.400278   18.09385055],[63.07495059 66.36791211 77.67436374],0.2345819265775218,0.23456155803484047,False
